{"language": "bn", "shortestPattern": 1, "patterns": "অ1 আ1 ই1 ঈ1 উ1 ঊ1 ঋ1 এ1 ঐ1 ঔ1 ি1 া1 ী1 ু1 ৃ1 ে1 ো1 ৌ1 ৗ1 ্2 ঃ1 ং1 2ন্‍ 2র্‍ 2ল্‍ 2্‍ 2ণ্‍ 1ক 1গ 1খ 1ঘ 1ঙ 1চ 1ছ 1জ 1ঝ 1ঞ 1ট 1ঠ 1ড 1ঢ 1ণ 1ত 1থ 1দ 1ধ 1ন 1প 1ফ 1ব 1ভ 1ম 1য 1র 1ল 1শ 1ষ 1স 1হ", "longestPattern": 3, "rightmin": 2, "specialChars": "আঅইঈউঊঋএঐঔকগখঘঙচছজঝঞটঠডঢণতথদধনপফবভমযরলশষসহিীাুূৃোোৈৌৗ্ঃং‍", "leftmin": 2}