{"language": "gu", "shortestPattern": 1, "patterns": "અ1 આ1 ઇ1 ઈ1 ઉ1 ઊ1 ઋ1 એ1 ઐ1 ઔ1 િ1 ા1 ી1 ુ1 ૂ1 ૃ1 ે1 ો1 ૌ1 ્2 ઃ1 ં1 2ન્‍ 2ર્‍ 2લ્‍ 2ળ્‍ 2ણ્‍ 1ક 1ગ 1ખ 1ઘ 1ઙ 1ચ 1છ 1જ 1ઝ 1ઞ 1ટ 1ઠ 1ડ 1ઢ 1ણ 1ત 1થ 1દ 1ધ 1ન 1પ 1ફ 1બ 1ભ 1મ 1ય 1ર 1લ 1વ 1શ 1ષ 1સ 1હ 1ળ\n', u", "longestPattern": 3, "rightmin": 2, "specialChars": "આઅઇઈઉઊઋએઐઔકગખઘઙચછજઝઞટઠડઢણતથદધનપફબભમયરલવશષસહળિીાુૂૃેાોૈૌ્ઃં‍", "leftmin": 2}