{"language": "hi", "shortestPattern": 1, "patterns": "अ1 आ1 इ1 ई1 उ1 ऊ1 ऋ1 ऎ1 ए1 ऐ1 ऒ1 औ1 ि1 ा1 ी1 ु1 ू1 ृ1 ॆ1 े1 ॊ1 ो1 ौ1 ्2 ः1 ं1 2न्‍ 2र्‍ 2ल्‍ 2ळ्‍ 2ण्‍ 1क 1ग 1ख 1घ 1ङ 1च 1छ 1ज 1झ 1ञ 1ट 1ठ 1ड 1ढ 1ण 1त 1थ 1द 1ध 1न 1प 1फ 1ब 1भ 1म 1य 1र 1ल 1व 1श 1ष 1स 1ह 1ळ 1ऴ 1ऱ", "longestPattern": 3, "rightmin": 2, "specialChars": "आअइईउऊऋऎएऐऒऔकगखघङचछजझञटठडढणतथदधनपफबभमयरलवशषसहळऴऱिीाुूृॆेॊाोैौ्ःं‍", "leftmin": 2}