{"language": "it", "shortestPattern": 1, "patterns": "_a3p2n _anti1 _anti3m2n _bio1 _ca4p3s _circu2m1 _contro1 _di2s3cine _e2x1eu _fran2k3 _free3 _li3p2sa _narco1 _opto1 _orto3p2 _para1 _poli3p2 _pre1 _p2s _re1i2scr _sha2re3 _tran2s3c _tran2s3d _tran2s3l _tran2s3n _tran2s3p _tran2s3r _tran2s3t _su2b3lu _su2b3r _wa2g3n _wel2t1 2'2 a1ia a1ie a1io a1iu a1uo a1ya 2at_ e1iu e2w o1ia o1ie o1io o1iu 1b 2bb 2bc 2bd 2bf 2bm 2bn 2bp 2bs 2bt 2bv b2l b2r 2b_ 2b' 1c 2cb 2cc 2cd 2cf 2ck 2cm 2cn 2cq 2cs 2ct 2cz 2chh c2h 2chb ch2r 2chn c2l c2r 2c_ 2c' _c2 1d 2db 2dd 2dg 2dl 2dm 2dn 2dp d2r 2ds 2dt 2dv 2dw 2d_ 2d' _d2 1f 2fb 2fg 2ff 2fn f2l f2r 2fs 2ft 2f_ 2f' 1g 2gb 2gd 2gf 2gg g2h g2l 2gm g2n 2gp g2r 2gs 2gt 2gv 2gw 2gz 2gh2t 2g_ 2g' 1h 2hb 2hd 2hh hi3p2n h2l 2hm 2hn 2hr 2hv 2h_ 2h' 1j 2j_ 2j' 1k 2kg 2kf k2h 2kk k2l 2km k2r 2ks 2kt 2k_ 2k' 1l 2lb 2lc 2ld 2l3f2 2lg l2h 2lk 2ll 2lm 2ln 2lp 2lq 2lr 2ls 2lt 2lv 2lw 2lz 2l_ 2l'_ 2l'' 1m 2mb 2mc 2mf 2ml 2mm 2mn 2mp 2mq 2mr 2ms 2mt 2mv 2mw 2m_ 2m' 1n 2nb 2nc 2nd 2nf 2ng 2nk 2nl 2nm 2nn 2np 2nq 2nr 2ns n2s3fer 2nt 2nv 2nz n2g3n 2nheit 2n_ 2n' 1p 2pd p2h p2l 2pn 3p2ne 2pp p2r 2ps 3p2sic 2pt 2pz 2p_ 2p' 1q 2qq 2q_ 2q' 1r 2rb 2rc 2rd 2rf r2h 2rg 2rk 2rl 2rm 2rn 2rp 2rq 2rr 2rs 2rt r2t2s3 2rv 2rx 2rw 2rz 2r_ 2r' 1s2 2shm 2sh_ 2sh' 2s3s s4s3m 2s3p2n 2stb 2stc 2std 2stf 2stg 2stm 2stn 2stp 2sts 2stt 2stv 2sz 4s_ 4s'_ 4s'' 1t 2tb 2tc 2td 2tf 2tg t2h t2l 2tm 2tn 2tp t2r t2s 3t2sch 2tt t2t3s 2tv 2tw t2z 2tzk tz2s 2t_ 2t'_ 2t'' 1v 2vc v2l v2r 2vv 2v_ 2v'_ 2v'' 1w w2h wa2r 2w1y 2w_ 2w' 1x 2xb 2xc 2xf 2xh 2xm 2xp 2xt 2xw 2x_ 2x' y1ou y1i 1z 2zb 2zd 2zl 2zn 2zp 2zt 2zs 2zv 2zz 2z_ 2z'_ 2z'' _z2", "longestPattern": 8, "rightmin": 2, "specialChars": "àéèìòù", "leftmin": 1}