{"language": "ka", "shortestPattern": 1, "patterns": "ಅ1 ಆ1 ಇ1 ಈ1 ಉ1 ಊ1 ಋ1 ಎ1 ಏ1 ಐ1 ಒ1 ಔ1 ಿಾ1 ೀ1 ು1 ೂ1 ೃ1 ೆ1 ೇ1 ೊ1 ೋ1 ೌ1 ್2 ಃ1 ಂ1 2ನ್‍ 2ರ್‍ 2ಲ್‍ 2ಳ್‍ 2ಣ್‍ 1ಕ 1ಗ1 1ಖ 1ಘ 1ಙ 1ಚ 1ಛ 1ಜ 1ಝ 1ಞ 1ಟ 1ಠ 1ಡ 1ಢ 1ಣ 1ತ 1ಥ 1ದ 1ಧ 1ನ 1ಪ 1ಫ 1ಬ 1ಭ 1ಮ 1ಯ 1ರ 1ಲ 1ವ 1ಶ 1ಷ 1ಸ 1ಹ 1ಳ 1ಱ", "longestPattern": 3, "rightmin": 2, "specialChars": "ಆಅಇಈಉಊಋಎಏಐಒಔಕಗಖಘಙಚಛಜಝಞಟಠಡಢಣತಥದಧನಪಫಬಭಮಯರಲವಶಷಸಹಳಱಿೀಾುೂೃೆೇೊಾೋೈೌ್ಃಂ‍", "leftmin": 2}