{"language": "ml", "shortestPattern": 1, "patterns": "അ1 ആ1 ഇ1 ഈ1 ഉ1 ഊ1 ഋ1 എ1 ഏ1 ഐ1 ഒ1 ഔ1 ി1 ാ1 ീ1 ു1 ൂ1 ൃ1 െ1 േ1 ൊ1 ോ1 ൌ1 ൗ1 ്2 ഃ1 ം1 2ന്‍ 2ര്‍ 2ല്‍ 2ള്‍ 2ണ്‍ 1ക 1ഗ1 1ഖ 1ഘ 1ങ 1ച 1ഛ 1ജ 1ഝ 1ഞ 1ട 1ഠ 1ഡ 1ഢ 1ണ 1ത 1ഥ 1ദ 1ധ 1ന 1പ 1ഫ 1ബ 1ഭ 1മ 1യ 1ര 1ല 1വ 1ശ 1ഷ 1സ 1ഹ 1ള 1ഴ 1റ", "longestPattern": 3, "rightmin": 2, "specialChars": "ആഅഇഈഉഊഋഎഏഐഒഔകഗഖഘങചഛജഝഞടഠഡഢണതഥദധനപഫബഭമയരലവശഷസഹളഴറിീാുൂൃെേൊാോൈൌൗ്ഃം‍", "leftmin": 2}