{"language": "pa", "shortestPattern": 1, "patterns": "ਅ1 ਆ1 ਇ1 ਈ1 ਉ1 ਊ1 ਏ1 ਐ1 ਔ1 ਿ1 ਾ1 ੀ1 ੁ1 ੂ1 ੇ1 ੋ1 ੌ1 ੍2 ਃ1 ਂ1 2ਨ੍‍ 2ਰ੍‍ 2ਲ੍‍ 2ਲ਼੍‍ 2ਣ੍‍ 1ਕ 1ਗ1 1ਖ 1ਘ 1ਙ 1ਚ 1ਛ 1ਜ 1ਝ 1ਞ 1ਟ 1ਠ 1ਡ 1ਢ 1ਣ 1ਤ 1ਥ 1ਦ 1ਧ 1ਨ 1ਪ 1ਫ 1ਬ 1ਭ 1ਮ 1ਯ 1ਰ 1ਲ 1ਵ 1ਸ਼ 1ਸ 1ਹ 1ਲ਼", "longestPattern": 3, "rightmin": 2, "specialChars": "ਆਅਇਈਉਊਏਐਔਕਗਖਘਙਚਛਜਝਞਟਠਡਢਣਤਥਦਧਨਪਫਬਭਮਯਰਲਵਸ਼ਸਹਲ਼ਿੀਾੁੂੇਾੋੈੌ੍ਃਂ‍", "leftmin": 2}