{"language": "ta", "shortestPattern": 1, "patterns": "அ1 ஆ1 இ1 ஈ1 உ1 ஊ1 எ1 ஏ1 ஐ1 ஒ1 ஔ1 ி1 ா1 ீ1 ு1 ூ1 ெ1 ே1 ொ1 ோ1 ௌ1 ௗ1 ்2 ஃ1 ஂ1 1க 1ங 1ச 1ஜ 1ஞ 1ட 1ண 1த 1ந 1ப 1ம 1ய 1ர 1ல 1வ 1ஶ 1ஷ 1ஸ 1ஹ 1ள 1ழ 1ற", "longestPattern": 1, "rightmin": 2, "specialChars": "ஆஅஇஈஉஊஎஏஐஒஔகஙசஜஞடணதநபமயரலவஶஷஸஹளழறிீாுூெேொாோைௌௗ்ஃஂ‍", "leftmin": 2}