{"language": "te", "shortestPattern": 1, "patterns": "అ1 ఆ1 ఇ1 ఈ1 ఉ1 ఊ1 ఋ1 ఎ1 ఏ1 ఐ1 ఒ1 ఔ1 ి1 ా1 ీ1 ు1 ూ1 ృ1 ె1 ే1 ొ1 ో1 ౌ1 ్2 ః1 ం1 2న్‍ 2ర్‍ 2ల్‍ 2ళ్‍ 2ణ్‍ 1క 1గ1 1ఖ 1ఘ 1ఙ 1చ 1ఛ 1జ 1ఝ 1ఞ 1ట 1ఠ 1డ 1ఢ 1ణ 1త 1థ 1ద 1ధ 1న 1ప 1ఫ 1బ 1భ 1మ 1య 1ర 1ల 1వ 1శ 1ష 1స 1హ 1ళ 1ఱ", "longestPattern": 3, "rightmin": 2, "specialChars": "ఆఅఇఈఉఊఋఎఏఐఒఔకగఖఘఙచఛజఝఞటఠడఢణతథదధనపఫబభమయరలవశషసహళఱిీాుూృెేొాోైౌ్ఃం‍", "leftmin": 2}